Establishment Name,Proponent,Address,Barangay,Business Type,Contact Number,Email,Total Capacity,Number of Rooms,Number of Employees,Status,Inspection Count,Compliance Rate,Last Inspection Date
"OPEÑA BEACH","MELECIA VILLARUZ OPEÑA","ZONE 1 TABOC, OPOL, MIS.OR","Taboc","BEACH RESORT","09059696164","",,,,active,2,100%,"2026-03-06"
"CLINT MOTORCYCLE PARTS AND ACCESSORIES","CLINT D. PAROHINOG","Z 1 TABOC OPOL. MIS OR","Taboc","Sale of Motorcycle Parts","09515395548","litoparohinog@mail.com",1,1,2,active,1,100%,"2026-03-06"
"THE MEAT UP","ALLYSA C. RODRIGUEZ","ZONE TABOC  OPOL MIS. OR","Taboc","Whole sale of meat and Paultry including the eggs","09993058638","meatupopol@gmail.com",1,1,4,active,1,100%,"2026-03-06"
"GOLDEN ARCHES DEVELOPMENT CORPORATION","MARIBETH NERBRIDA","TABOC OPOL MIS. OR","Taboc","Fast Food","09708996708","golden@gmail.com",100,1,20,active,1,100%,"2026-03-06"
"LBC Express INC","JESSIE REYL L. DUMANHOG","ZONE 3 TABOC","Taboc","Postal Activity","09178359096","reyljess@gmail.com",20,1,53,active,1,100%,"2026-03-06"
"QUBIK HARDWARE","JONAS LABASTIDA LINA","ZONE 3 TABOC","Taboc","Retail Of Hardware Materials","09175921188","qubikhardware@gmail.com",52,1,30,active,1,100%,"2026-03-06"
"JN SHOES TRADING","NERGWIN MUG-OT PALAC","ZONE 4 TABOC OPOL MIS. OR","TABOC","N/A","09356528900","",1,1,4,active,1,100%,"2026-03-06"
"FREIA PHARMACY","MARIA VICTORIA ROLIDA MIRONTOS","Taboc","TABOC","SOLE PROPRIETORSHIP","09167163137","",,,,active,1,100%,"2026-03-06"
"KONZUMA FOOD STORE","CHERRY CHUA, SIEN MONCANO","ZONE 4, TABOC, OPOL, MIS. OR.","Taboc","RETAIL SALE OF EGG AND DAIRY PRODUCTS","09675222898","",,,,active,2,100%,"2026-03-06"
"Mery variety store","Mery Basti mercado","Z.-4 TABOC opol","Taboc","N/A","09534061563","",,,,active,1,100%,"2026-03-06"
"MS MABAO STORE","MICHAEL ALEX S. MABAO","ZONE 4 TABOC, OPOL, MIS. OR.","Taboc","RETAIL SELLING IN SARI SARI STORES","09176328254","",,,,active,1,100%,"2026-02-03"
"Jertabs sign and printing","Jerry gestat tabafa","Zone 4 taboc","Taboc","N/A","09176216621","",,,,active,1,100%,"2026-03-06"
"Richie Barber shope","Richard tabalanza andam","Zone 4 TABOC","TABOC","N/A","0955048851","",,,,active,1,100%,"2026-03-06"
"Dams Electronics Equipment","Richard tabalanza andam","Zone 4 TABOC opol. Mis or","TABOC","N/A","0955048851","",,,,active,1,100%,"2026-02-12"
"ANGKONG BAKERY","DAISY L. PADEN","ZONE 4, TABOC, OPOL, MIS. OR.","Taboc","BAKERY","09656051673","",,,,active,2,100%,"2026-03-06"
"Wave convenience store","Jojie senator Walker","Zone 1 TABOC opol. Mis or","Taboc","N/A","09190982934","",,,,active,1,100%,"2026-03-06"
"Hang over RM food station","Daniel M. Calarion sr","Zone 4 TABOC opol mis. Or","Taboc","N/A","09171529246","",,,,active,1,100%,"2026-03-06"
"OPOL VARIETY STORE","FE AVENDANIO ATILANO","NCR, ZONE 4 TABOC, OPOL, MIS. OR.","Taboc","RETAIL SALE OF CHINAWARE, GLASSWARE, EARTHENWARE AND UTENSILS","09704971544","",,,,active,2,100%,"2026-03-06"
"SMS VARIETY STORE","SHANE ACCOSTA DELA CRUZ","ZONE 4 TABOC","Taboc","VARIETY STORE","09539090405","",1,2,3,active,1,100%,"2026-02-04"
"KHEDX CAKE SHOP","EVONY P QUERUELA","ZONE 4, TABOC, OPOL, MIS. OR.","Taboc","BAKERY","09171472844","",1,1,2,active,1,100%,"2026-02-04"
"KUYA GONG FRIED CHICKEN","LOLITO L BACO","ZONE 4, TABOC, OPOL, MIS. OR.","Taboc","FOOD STALL","","",,,,active,2,100%,"2026-03-06"
"PUFF SPOT VAPE SHOP","REY MARUIN VIDAL ANG","ZONE 1, TABOC, OPOL, MIS. OR.","Taboc","N/A","09561334546","",,,,active,1,100%,"2026-02-04"
"RAIS TOPPINGS EATERY","ARGIE ABELLA BACUS","ZONE 4 TABOC, OPOL, MIS. OR.","Taboc","REFRESHMENT STAND, KIOKS AND COUNTERS","0913892891","",,,,active,1,100%,"2026-01-30"
"JEBSON FRIED CHICKEN","JEBSON BAGTACO IGLORIA","TABOC OPOL MIS OR","Taboc","RETAIL SALES VIA STALL AND MARKET OF FOOD","","",,,,active,1,100%,"2026-01-30"
"VIRGIE SNACK HOUSE","PREGIE MAG-AWAY AMPLAYO","ZONE 4, TABOC, OPOL, MIS. OR.","Taboc","SOLE PROPRIETORSHIP","","",,,,active,1,100%,"2026-02-04"
"CEL SARI-SARI STORE","MARICEL INAHID CEPADA","ZONE 4, TABOC, OPOL, MIS. OR.","Taboc","SOLE PROPRIETORSHIP","09972588764","",,,,active,1,100%,"2026-02-04"
"KING RAF COSMETIC TRADING","KING RAFAEL LAID MANOLO","ZONE 4, TABOC, OPOL, MIS. OR.","Taboc","RETAIL SALE OF PERFUMERY, COSMETIC AND TOILET ARTICLES","09177169092","",,,,active,1,100%,"2026-02-04"
"GIERIN BLESS RTW TRADING","CARIN B LUMINAS","TABOC OPOL MIS OR","TABOC","SOLE PROPRIETORSHIP","09561020062","",,,,active,1,100%,"2026-02-04"
"FLOREMIE VEGETABLES","FLORE MIE C MANSUGUTAN","ZONE 4, TABOC, OPOL, MIS. OR.","Taboc","RETAIL SALES FRUITS AND VEGETABLES","","",,,,active,1,100%,"2026-02-04"
"LONZ BEAUTY SALON","JELYN M LONOY","ZONE 2, TABOC, OPOL, MIS. OR.","Taboc","BEAUTY SALON","09051253493","",,,,active,1,100%,"2026-02-04"
"RYG EATERY","NELINETH R NABAL","TABOC OPOL MIS OR","Taboc","CARENDERIA","091677316273","",,,,active,2,100%,"2026-02-04"
"DAVID BARBER SHOP","DAVID DIJENO ABRIOL","ZONE 4, TABOC, OPOL, MIS. OR.","Taboc","BARBER SHOP ACTIVITIES","09469219848","",,,,active,2,100%,"2026-03-06"
"J AND G JWELRY SHOP","JOHNNY GUMERA TAMONG","ZONE 4, TABOC, OPOL, MIS. OR.","Taboc","WHOLESALE","09553662414","",,,,active,1,100%,"2026-02-03"
"ZUZIM RTW SHOP","MARIFE AJOC PELAYO","ZONE 4, TABOC, OPOL, MIS. OR.","Taboc","RETAIL SALE OF SECOND HAND  CLOTHING, FOOTWARE AND LEATHER ARTICLES","09365092433","",,,,active,1,100%,"2026-02-03"
"LINK FERRIES AND CHARTERS CORP.","ALAN DOMINGO ABAO SAGRADO","ZONE 2, TABOC, OPOL, MIS. OR.","Taboc","ACTIVITIES OF OTHER TRANSPORT AGENCIES INC.","09177757613","",,,,active,1,100%,"2026-02-19"
"SAN PEDRO BEACH RESORT","RONALD YASAY CABALLERO","ZONE 2, TABOC, OPOL, MIS. OR.","Taboc","OPERATION OF RECREATION PARK, BEACHES","09228994466","",,,,active,1,100%,"2026-02-19"
"MARVILLA BEACH RESORT","MARIESE BOKINGKITO VACALARES","ZONE 2, TABOC, OPOL, MIS. OR.","Taboc","OPERATING OF RECREATION PARK INCLUDING RENTAL","09264153606","",,,,active,1,100%,"2026-02-19"
"AJIS DIVES AND AQUA SPORTS  INC.","ALLAN DOMINGO ABAO SAGRADO","ZONE 2, TABOC, OPOL, MIS. OR.","Taboc","OPERATION OF RECREATION PARK, BEACHES","09177757613","",,,,active,1,100%,"2026-02-19"
"ABET MOTOR PARTS CENTER","ABETALIB EMAN MACABATOG","ZONE 1, TABOC, OPOL, MIS.OR","Taboc","Sale of Motorcycle Parts","09509200495","",,,,active,1,100%,"2026-03-02"
"DOYEX SARI-SARI STORE","LIVY E ENTAMPAS","ZONE 1, TABOC, OPOL, MIS.OR","Taboc","RETAIL SELLING IN SARI SARI STORES","09653378757","",,,,active,1,100%,"2026-03-02"
"ONGKOY MOTOR PARTS SUPPLY","LYNIE DESUYA IGLORIA","ZONE 1, TABOC, OPOL, MIS.OR","Taboc","Sale of Motorcycle Parts","09553088030","",,,,active,1,100%,"2026-03-02"
"ARBEES BAKE SHOP","LEO T MANGUILIMOTAN","ZONE 1, TABOC, OPOL, MIS.OR","Taboc","BAKERY","09482520588","",,,,active,1,100%,"2026-02-19"
"TRANSCYCLE","PABLITO DOLDOL SR","ZONE 1, TABOC, OPOL, MIS.OR","Taboc","SHOWROOM","09265684068","",,,,active,1,100%,"2026-03-02"
"CHARMAIN'S RTW STORE","DOMINADOR P BAQUILID","TABOC, OPOL, MIS.OR","Taboc","RETAIL SALE OF SECOND HAND  CLOTHING, FOOTWARE AND LEATHER ARTICLES","09056027271","",,,,active,1,100%,"2026-02-04"
"JY LIVINGSTONE ENTERPRISES","DANIEL BITANG YASAY JR.","ZONE 2, TABOC, OPOL, MIS.OR","Taboc","N/A","09058245381","",,,,active,1,100%,"2026-02-24"
"ROANCRUZ ESTATES CORP.","ELIAS G. ROAN","ZONE 2, TABOC, OPOL, MIS.OR","Taboc","BEACH RESORT","09937086727","",,,,active,1,100%,"2026-02-24"
"SPY BEACH COTTAGES RENTAL","RECADO ANSEIMO S. SANTIAGO","ZONE 2, TABOC, OPOL, MIS.OR","Taboc","BEACH RESORT","","",,,,active,1,100%,"2026-02-24"
"ZIM'S  CAKES AND PASTRIES SHOP","ZILLAH VIDA RACINES MENDOZA","ZONE 1, TABOC, OPOL, MIS.OR","Taboc","RETAIL SALE OF BAKERY PRODUCT","09995598875","",,,,active,1,100%,"2026-03-02"
"ABEGAIL SARI-SARI STORE","JOY A. EDROZO","ZONE 1, TABOC, OPOL, MIS.OR","Taboc","SARI-SARI STORE","09750450522","",,,,active,1,100%,"2026-03-02"
"APPLE TREE RESORT","RAY GO MANIGSACA","TABOC, OPOL, MIS.OR","Taboc","HOTEL","09161782673","",,,,active,1,100%,"2026-03-03"
"G AD J FASHION BOUTIQUE","GRACELYN GALANQUE TAMONG","ZONE, 4 TABOC, OPOL, MIS, OR.","Taboc","SALE PROPRIETORSHIP","096778302007","",,,,active,1,100%,"2026-02-04"
"BARAKAH BEANS COFFEE","ESNIJAYAH BENITO ASUM","ZONE 3, PATAG, OPOL, MIS. OR.","Patag","CAFE OR COFFEE SHOP","","",,,,active,1,100%,"2026-02-26"
"FAST LOGISTIC CORP.","","PATAG, OPOL, MIS. OR.","Patag","N/A","09627933977","jasarballon@fast.com.ph",,,150,active,1,100%,"2026-02-26"
"RULLS CELLPHONE AND ACCECORIES INC.","LIAN HAO HONG","ZONE 2, POBLACION, OPOL, MIS.OR","Poblacion","RETAIL SALE OF PARTS AND ACCECORIES OF CERCULAR PHONES ETC.","09914381961","",,,,active,1,100%,"2026-02-03"
"ENGRACIA SIOMAI FOOD KIOSK","JEAN CLEAG L ENGRACIA","ZONE 2, POBLACION, OPOL, MIS.OR","Poblacion","SOLE PROPRIETORSHIP","09534703285","",,,,active,1,100%,"2026-02-03"
"DSM GENERAL MERCHANDISE","OSCAR GENERALAO","ZONE 2 POBLACION, OPOL, MIS. OR","Poblacion","RETAIL SALE OF HARDWARE MATERIALS","09177103889","",,,,active,1,100%,"2026-01-28"
"JO-JO POTATO SNACK","BEAN BENEDICT ARGAYOSO","TABOC, OPOL, MIS.OR","Taboc","REFRESHMENT STANDS, KIOSKS AND COUNTERS","09675791053","",,,,active,1,100%,"2026-02-03"
"JF FOOD BEVERAGE HOUSE","JOHAILA BANQUIS ISMAEL","ZONE 5, POBLACION, OPOL, MIS. OR.","Poblacion","CAFE OR COFFEE SHOP","09756252055","",,,,active,1,100%,"2026-01-29"
"MAMA FLONG'S FOOD STORE","FLORDELIS CALIAO ENRIQUEZ","ZONE 2, POBLACION, OPOL, MIS.OR","Poblacion","REFRESHMENT STANDS, KIOSKS AND COUNTERS","09261069516","",,,,active,1,100%,"2026-02-03"
"MJJ SIOMAI FOOD CORNER","LIVERN MAG-AWAY YONTING","ZONE 5, POBLACION, OPOL, MIS. OR.","Poblacion","REFRESHMENT STAND, KIOKS AND COUNTERS","09355544665","",,,,active,1,100%,"2026-01-29"
"BAYBAY BAKESHOP","DANILO E. DAROY JR.","Zone 1 Poblacion, Opol, Misamis Oriental","Poblacion","BAKERY","09550358907","",,,,active,1,100%,"2026-01-29"
"CHARNOKS CRUNCHY FRIED CHICKEN","BOBET APDIAN GRANADA","ZONE 5, POBLACION, OPOL, MIS. OR.","Poblacion","FOOD TO GO COUNTER FRIED/GRILLED CHICKEN, PORK BEFF OR FISH","09649978748","",,,,active,1,100%,"2026-01-29"
"DULCE CELESTE FOOD HUB","IRISH STELLA JURE MONTERO","ZONE 2, POBLACION, OPOL, MIS.OR","Poblacion","REFRESHMENT STANDS, KIOSKS AND COUNTERS","09977123589","",,,,active,1,100%,"2026-02-03"
"WASH AND SURF LAUNDRY HUB","EDNA LURREN NAVARRO","ZONE 2, POBLACION, OPOL, MIS. OR.","Poblacion","N/A","09616889817","",,1,,active,2,100%,"2026-02-03"
"LILY'S HOME AND PIZZA VENTURES 'INC","LILYVETH OLHEA POLINAR","ZONE 2, POBLACION, OPOL, MIS.OR","Poblacion","CORPORATION","09176788539","",,,,active,1,100%,"2026-02-03"
"CABUTCHIE SARI-SARI STORE","HASSANHOR HADJI ABUBACAR DAMAC","ZONE 2, POBLACION, OPOL, MIS.OR","Poblacion","RETAIL SELLING IN SARI SARI STORES","09308314892","",,,,active,1,100%,"2026-02-04"
"DEL'S BEAUTY PRODUCT TRADING","RODEL CAQUILALA ANDAM","ZONE 6, POBLACION, OPOL, MIS. OR.","Poblacion","COSMETIC","09652589090","",,,,active,1,100%,"2026-02-03"
"JEFF SARI-SARI STORE","JEFFREY DAGANGON MABALO","ZONE 2, POBLACION, OPOL, MIS.OR","Poblacion","RETAIL SELLING IN SARI SARI STORES","09951628070","",,,,active,1,100%,"2026-02-04"
"GOLDENYUM FRIED CHICKEN STALL","FELINO R CAUDOR JR.","ZONE 2, POBLACION, OPOL, MIS.OR","Poblacion","OTHER RESTAURANTS AND MOBILE FOOD SERVICE ACTIVITIES, NEC","09539110651","",,,,active,1,100%,"2026-02-04"
"MARIBELS BAKE AND PLAY","MARIBEL BACOY CABILAN","ZONE 1, POBLACION, OPOL, MIS.OR","Poblacion","BAKERY","09953549095","",,,,active,1,100%,"2026-01-28"
"THAILA'S STORE","EMILY NACUA AREYALO","ZONE 1, POBLACION, OPOL, MIS.OR","Poblacion","RETAIL SALE OF BOOKS, NEWSPAPERS AND STATIONERY IN SPECIALIZED STORES","09275667676","",,,,active,1,100%,"2026-02-04"
"ANDOX LITSON MANOK CORP.","LEONARDO M JAVIER","ZONE 5, POBLACION, OPOL, MIS.OR","Poblacion","LETCHON MANOK","09924789470","",,,,active,1,100%,"2026-03-09"
"DYS GLOBAL FOOD OPC","YVON THEA Y. ANG","ZONE 5, POBLACION, OPOL, MIS.OR","Poblacion","OTHER RESTAURANT AND MOBILE  FOOD SERVICES","0954355250","",,,,active,1,100%,"2026-02-02"
"39ERS MILKTEA HOUSE","RICHARD B. AMOGUIS","ZONE 5, POBLACION, OPOL, MIS. OR.","Poblacion","CAFE OR COFFEE SHOP","09754050124","",,,,active,1,100%,"2026-01-29"
"TITINGS KITCHENETTE","MARY ANN EDORIA DAROY","ZONE 5, POBLACION, OPOL, MIS.OR","POBLACION","CARENDERIA","09176220914","",,,,active,1,100%,"2026-02-04"
"GLOBAL K CONVENIENCE STORE","STEPHANY","ZONE 3, POBLACION, OPOL, MIS.OR","Poblacion","CONVENIENCE STORE","","",,,,active,1,100%,"2026-02-02"
"PRINCEMIN CORPORATION","ROBERT LIM GO","ZONE 2, POBLACION, OPOL, MIS. OR.","Poblacion","GROCERIES STORES","09276813788","",,,,active,1,100%,"2026-02-03"
"PRINT PLUS PRINTING SERVICES","CHRISTINE LAMOSTE CALLANO","ZONE 5, POBLACION, OPOL, MIS.OR","Poblacion","PRINTING","09677527298","",,,,active,1,100%,"2026-02-02"
"JQS SARI SARI STORE","JOSEPHINE S. BALDERAMA","ZONE 2, POBLACION, OPOL, MIS. OR.","Poblacion","RETAIL SALE OF RICE CORN AND OTHER CEREALS","09057903093","",,,,active,1,100%,"2026-01-28"
"AR BACAYANA SURVEYING OFFICE","ALBERTO R. BACAYANA","ZONE 2A IGPIT, OPOL, MISAMIS ORIENTAL","Igpit","LAND SURVEYING SERVICES","","",,,,active,0,0%,"N/A"
"NIKKIMOR ARCADE","NICASIO GIMALALUD DINGLASA","ZONE 4 BARRA, OPOL, MISAMIS ORIENTAL","Barra","REAL ESTATE BUYING, SELLING, RENTING, LEASING AND OPERATING OF SELF-OWNED/LEASED APARTMENT BUILDINGS, NON-RESIDENTIAL AND DWELLINGS","","",,,,active,0,0%,"N/A"
"MJ BARBERSHOP","JULIUS BAGATSOLON ALMEROL","ZONE 5 POBLACION, OPOL, MISAMIS ORIENTAL","Poblacion","BARBER SHOP ACTIVITIES","","",,,,active,0,0%,"N/A"
"W.P SAMPAN SARI-SARI","WILMA P. SAMPAN","ZONE 1A, LUYONGBONBON, OPOL, MISAMIS ORIENTAL","Luyong Bonbon","INTERNET ACCESS IN FACILITIES OPEN TO THE PUBLIC SERVICE ACTIVITIES","","",,,,active,0,0%,"N/A"
"PAPART CELLPHONE AND ACCESSORIES STORE","MARIE JOY IGLORIA","ZONE 2, POBLACION OPOL, MISAMIS ORIENTAL","Poblacion","RETAIL SALE OF MOBILE PHONES AND OTHER HANDHELD MOBILE DEVICES (E.G. CELLULAR PHONES, SMART PHONES, TABLETS)","","",,,,active,0,0%,"N/A"
"M.E PRIETO SARI-SARI STORE","MYRA EBAJAY PRIETO","ZONE 1B LUYONGBONBON, OPOL, MISAMIS ORIENTAL","Luyong Bonbon","INTERNET ACCESS IN FACILITIES OPEN TO THE PUBLIC SERVICE ACTIVITIES","","",,,,active,0,0%,"N/A"
"CAGATIN BEACH RESORT","THERESA CABASAN CAGATIN","ZONE 1 TABOC, OPOL, MISAMIS ORIENTAL","Taboc","OPERATION OF RECREATION PARKS, BEACHES, INCLUDING RENTING OF FACILITIES SUCH AS BATHHOUSES, LOCKERS, CHAIRS ETC.;","","",,,,active,0,0%,"N/A"
"ELEGANTE TAILORING","JONEL J. TABILLA","ZONE 2 TABOC, OPOL, MISAMIS ORIENTAL","Taboc","CUSTOM TAILORING","","",,,,active,0,0%,"N/A"
"JPM BOARDING HOUSE","JEAN PAULA BAA MICAYABAS","ZONE 4B IGPIT, OPOL, MISAMIS ORIENTAL","IGPIT","REAL ESTATE BUYING, SELLING, RENTING, LEASING AND OPERATING OF SELF-OWNED/LEASED APARTMENT BUILDINGS, NON-RESIDENTIAL AND DWELLINGS","","",,,,active,0,0%,"N/A"
"SS CONSTRUCTION AND SUPPLY","LAMBERTO DELOS SANTOS FENIZA JR.","ZONE 8 BARRA, OPOL, MISAMIS ORIENTAL","Barra","ARCHITECTURAL AND OTHER ENGINEERING ACTIVITIES","","",,,,active,0,0%,"N/A"
"WASH AND SURF LAUNDRY HUB","EDNA LLOREN NAVARO","ZONE 2, POBLACION, OPOL, MIS. OR.","Poblacion","WASHING AND DRY CLEANING OF TEXTILE FOR PRODUCT","09616884817","",,,,active,0,0%,"N/A"
"BABS AND CHIKS LECHON MANOK AND LIEMPO HOUSE","JAY ABENDAN CAMBONGA","ZONE 4 TABOC, OPOL, MISAMIS ORIENTAL","TABOC","FOOD-TO-GO COUNTER (E.G., FRIED/LECHON/GRILLED CHICKEN, PORK, BEEF OR FISH AND OTHER RELATED PRODUCTS)","","",,,,active,0,0%,"N/A"
"KING'S COCOSHELL CHARCOAL CORPORATION","ELISEO P. ORTEGA JR.","ZONE 5 TABOC, OPOL, MISAMIS ORIENTAL","Taboc","WHOLESALE OF SOLID, LIQUID AND GASEOUS FUELS AND RELATED PRODUCTS","","",,,,active,0,0%,"N/A"
"AJ PROPERTY RENTAL","MARIA MONINA TIMBAL SERIÑA","ZONE 4 TABOC, OPOL, MISAMIS ORIENTAL","Taboc","REAL ESTATE BUYING, SELLING, RENTING, LEASING AND OPERATING OF SELF-OWNED/LEASED APARTMENT BUILDINGS, NON-RESIDENTIAL AND DWELLINGS","","",,,,active,0,0%,"N/A"
"ALEJO'S SHORELINE OPEN COTTAGES","MARIA MONINA TIMBAL SERIÑA","ZONE 1 TABOC, OPOL, MISAMIS ORIENTAL","Taboc","OPERATION OF RECREATION PARKS, BEACHES, INCLUDING RENTING OF FACILITIES SUCH AS BATHHOUSES, LOCKERS, CHAIRS ETC.;","","",,,,active,1,100%,"2026-03-03"
"SY AND SY ENTERTAINMENT PRODUCTION","SYJUL AUGUSTINE SANCHEZ YBAÑEZ","ZONE 2 BARRA, OPOL, MISAMIS ORIENTAL","Barra","PRODUCTIONS","","",,,,active,0,0%,"N/A"
"CAGALAWAN ENTERPRISES, INC.","ANNABI PACLIBAR CAGALAWAN","ZONE 3 IGPIT, OPOL, MISAMIS ORIENTAL","Igpit","ARCHITECTURAL AND OTHER ENGINEERING ACTIVITIES","","",,,,active,0,0%,"N/A"
"ANGEL'S DRY GOODS TRADING","JINNA FERNANDEZ GO","ZONE 4B IGPIT, OPOL, MISAMIS ORIENTAL","Igpit","RETAIL SALE OF WEARING APPAREL","","",,,,active,0,0%,"N/A"
"CAGALAWAN ENTERPRISES","ANNABI PACLIBAR CAGALAWAN","ZONE 3 IGPIT, OPOL, MISAMIS ORIENTAL","IGPIT","WHOLESALE OF HOUSEHOLD FURNITURE, FURNISHING AND FIXTURES","","",,,,active,0,0%,"N/A"
"CAGALAWAN ENTERPRISES","ANNABI PACLIBAR CAGALAWAN","ZONE 3 IGPIT, OPOL, MISAMIS ORIENTAL","Igpit","ARCHITECTURAL AND OTHER ENGINEERING ACTIVITIES","","",,,,active,0,0%,"N/A"
"JIRAH ENTERPRISES","ANNALIZA GINGO CORNELIO","ZONE 1 POBLACION","Poblacion","N/A","","",,,,active,1,100%,"2026-01-28"
"KEZIAH MAE LOGISTICS","MARIVIC LOMOD ENDRINA","ZONE 10 BARRA, OPOL, MISAMIS ORIENTAL","Barra","FREIGHT FORWARDING SERVICES","","",,,,active,0,0%,"N/A"
"FS DE LEON PAWNSHOP AND JEWELRIES","FLORENTINO SENGA DE LEON JR.","ZONE 4 BARRA, OPOL, MISAMIS ORIENTAL","Barra","REMITTANCE AND TRANSFER OPERATIONS (MSBS)","","",,,,active,0,0%,"N/A"
"FS DE LEON PAWNSHOP AND JEWELRIES","FLORENTINO SENGA DE LEON JR.","ZONE 4 BARRA, OPOL, MISAMIS ORIENTAL","Barra","PAWNSHOP OPERATIONS","","",,,,active,0,0%,"N/A"
"SJJJS BUILDING RENTAL","SIGRID NINI SMITH","ZONE 1 TABOC, OPOL, MISAMIS ORIENTAL","Taboc","REAL ESTATE BUYING, SELLING, RENTING, LEASING AND OPERATING OF SELF-OWNED/LEASED APARTMENT BUILDINGS, NON-RESIDENTIAL AND DWELLINGS","","",,,,active,0,0%,"N/A"
"KEITH SURPLUS CENTER","GODOFREDO O. IBAOC","ZONE 4A IGPIT, OPOL, MISAMIS ORIENTAL","Igpit","Sale of Motorcycle Parts","","",,,,active,0,0%,"N/A"
"KEITH SURPLUS CENTER","GODOFREDO O. IBAOC","ZONE 4A IGPIT, OPOL, MISAMIS ORIENTAL","Igpit","SALE OF OTHER MOTOR VEHICLES","","",,,,active,0,0%,"N/A"
"BRD FARM","MARK JASON U. VERDE","ZONE 1 IGPIT, OPOL, MISAMIS ORIENTAL","Igpit","RETAIL SALE OF FEEDS, FERTILIZERS AND INSECTICIDES","","",,,,active,0,0%,"N/A"
"ANTONIO REAL ESTATE LEASING","ANTONIO TIU VERDE","ZONE 1 IGPIT, OPOL, MISAMIS ORIENTAL","Igpit","REAL ESTATE BUYING, SELLING, RENTING, LEASING AND OPERATING OF SELF-OWNED/LEASED APARTMENT BUILDINGS, NON-RESIDENTIAL AND DWELLINGS","","",,,,active,0,0%,"N/A"
"AFB REAL ESTATE LESSOR","ANGELITO VERGARA BENZON","ZONE 1 IGPIT, OPOL, MISAMIS ORIENTAL","Igpit","REAL ESTATE BUYING, SELLING, RENTING, LEASING AND OPERATING OF SELF-OWNED/LEASED APARTMENT BUILDINGS, NON-RESIDENTIAL AND DWELLINGS","","",,,,active,0,0%,"N/A"
"RCM AGRIVET SUPPLY","RONAN C. MAAPE","ZONE 7 BONBON, OPOL, MISAMIS ORIENTAL","Bonbon","RETAIL SALE OF FEEDS, FERTILIZERS AND INSECTICIDES","","",,,,active,0,0%,"N/A"
"DTR. MEAT SHOP","LEVI JAUDIAN RANOLO","ZONE 4 TABOC, OPOL, MISAMIS ORIENTAL","Taboc","RETAIL SALE OF MEAT AND POULTRY PRODUCTS","","",,,,active,0,0%,"N/A"
"CHA-CHINGS FOOD HOUSE","JUSTINE S. FERNANDEZ","ZONE 1 TABOC, OPOL, MISAMIS ORIENTAL","Taboc","carinderia","","",,,,active,0,0%,"N/A"
"PAK ASIA TRADING CORPORATION","SALEEM AQIB","ZONE 2A IGPIT, OPOL, MISAMIS ORIENTAL","Igpit","MANUFACTURE OF MOTOR VEHICLES","","",,,,active,0,0%,"N/A"
"DJR SPACE LESSOR","FELMA PUYO SERIÑA","ZONE 1 POBLACION, OPOL, MISAMIS ORIENTAL","Poblacion","REAL ESTATE BUYING, SELLING, RENTING, LEASING AND OPERATING OF SELF-OWNED/LEASED APARTMENT BUILDINGS, NON-RESIDENTIAL AND DWELLINGS","","",,,,active,0,0%,"N/A"
"JMT HARDWARE & CONTRUCTION SUPPLIES","MARK M. TEJADA","ZONE 9 BARRA, OPOL, MISAMIS ORIENTAL","Barra","RETAIL SALE OF HARDWARE MATERIALS","","",,,,active,0,0%,"N/A"
"AT BUILDERS & GENERAL MERCHANDISE","ANTHONY C. TAN","ZONE 1 IGPIT, OPOL, MISAMIS ORIENTAL","Igpit","ARCHITECTURAL AND OTHER ENGINEERING ACTIVITIES","","",,,,active,0,0%,"N/A"
"AT BUILDERS & GENERAL MERCHANDISE","ANTHONY C. TAN","ZONE 1 IGPIT, OPOL, MISAMIS ORIENTAL","Igpit","RETAIL SALE OF CONSTRUCTION SUPPLIES, N.E.C.","","",,,,active,0,0%,"N/A"
"MAX D SALON","JASSEL I. MACARANAS","ZONE 8 BARRA, OPOL, MISAMIS ORIENTAL","Barra","BEAUTY SALON","","",,,,active,0,0%,"N/A"
"TOTONG COMMERCIAL LOT AND BUILDING RENTAL","SERGIO A. JACALAN JR.","ZONE 1 POBLACION, OPOL, MISAMIS ORIENTAL","Poblacion","REAL ESTATE BUYING, SELLING, RENTING, LEASING AND OPERATING OF SELF-OWNED/LEASED APARTMENT BUILDINGS, NON-RESIDENTIAL AND DWELLINGS","","",,,,active,0,0%,"N/A"
"SCB STORE AND RICE MILL","SONIA CAGALAWAN BARANGOT","ZONE 2A MALANANG, OPOL, MISAMIS ORIENTAL","Malanang","RICE/CORN MILLING","","",,,,active,0,0%,"N/A"
"ANDREW BOARDING HOUSE","VICITACION V. CAGATAN","ZONE 3 POBLACION, OPOL, MISAMIS ORIENTAL","Poblacion","REAL ESTATE BUYING, SELLING, RENTING, LEASING AND OPERATING OF SELF-OWNED/LEASED APARTMENT BUILDINGS, NON-RESIDENTIAL AND DWELLINGS","","",,,,active,0,0%,"N/A"
"ANGEL'S HOMA MADE YEMA","ISADORA R. LAYUG","ZONE 1 IGPIT, OPOL, MISAMIS ORIENTAL","Igpit","MANUFACTURING OF NATIVE DELICACIES OR ""KAKANIN"" E.G., BIBINGKA, PUTO, SUMAN, KALAMAY, BINAGOL, MORON AND OTHER SIMILAR PRODUCTS","","",,,,active,0,0%,"N/A"
"LBC EXPRESS, INC.","JESSIE REYL L. DUMANHOG","ZONE 3 TABOC, OPOL, MISAMIS ORIENTAL","Taboc","POSTAL ACTIVITIES","","",,,,active,0,0%,"N/A"
"PAMELAS ONLINE SHOP","PAMELA ANTIGUA YASAY","ZONE 1 TABOC, OPOL, MISAMIS ORIENTAL","Taboc","RETAIL SALE VIA INTERNET","","",,,,active,0,0%,"N/A"
"CASA ISLA TRANSIENT HOUSE","FAITH J. OCCEÑA","ZONE 7 BARRA, OPOL, MISAMIS ORIENTAL","Barra","REAL ESTATE BUYING, SELLING, RENTING, LEASING AND OPERATING OF SELF-OWNED/LEASED APARTMENT BUILDINGS, NON-RESIDENTIAL AND DWELLINGS","","",,,,active,0,0%,"N/A"
"COY COY RUFUS MEAT STORE","RUFUS JOSE CRESENCIO APAL CAMARILLO","ZONE 1 BONBON, OPOL, MISAMIS ORIENTAL","Bonbon","RETAIL SALE OF MEAT AND POULTRY PRODUCTS","","",,,,active,0,0%,"N/A"
"EBSO ENTERPRISES","ELEUTERIO M. SOLIMA","ZONE 3 TABOC, OPOL, MISAMIS ORIENTAL","Taboc","RETAIL SALE OF CONSTRUCTION SUPPLIES, N.E.C.","","",,,,active,0,0%,"N/A"
"EBSO ENTERPRISES","ELEUTERIO M. SOLIMA","ZONE 3 TABOC, OPOL, MISAMIS ORIENTAL","Taboc","ARCHITECTURAL AND OTHER ENGINEERING ACTIVITIES","","",,,,active,0,0%,"N/A"
"EBSO ENTERPRISES","ELEUTERIO M. SOLIMA","ZONE 3 TABOC, OPOL, MISAMIS ORIENTAL","Taboc","WHOLESALE OF HARDWARE, PAINTS, VARNISHES AND LACQUERS, AND PLUMBING MATERIALS, INCLUDING FITTINGS AND FIXTURES","","",,,,active,0,0%,"N/A"
"EBSO ENTERPRISES","ELEUTERIO M. SOLIMA","ZONE 3 TABOC, OPOL, MISAMIS ORIENTAL","Taboc","OTHER SPECIALIZED OFFICE SUPPORT ACTIVITIES","","",,,,active,0,0%,"N/A"
"E AND R RUBBER PRODUCTS","ELISEO PATRICIO DELERIO JR.","ZONE 5 IGPIT, OPOL, MISAMIS ORIENTAL","Igpit","MANUFACTURE OF RUBBER GARMENTS","","",,,,active,0,0%,"N/A"
"HIZ PISONET","IMEERIE MOLINA RATABAN","ZONE 1 BARRA, OPOL, MISAMIS ORIENTAL","Barra","INTERNET ACCESS IN FACILITIES OPEN TO THE PUBLIC SERVICE ACTIVITIES","","",,,,active,0,0%,"N/A"
"NIKKO HARDWARE","ESTER JABILLO BACULIO","ZONE 2 LUYONGBONBON, OPOL, MISAMIS ORIENTAL","Luyong Bonbon","RETAIL SALE OF HARDWARE MATERIALS","","",,,,active,0,0%,"N/A"
"VENEREYS PROPERTY RENTAL","VENERANDO FERNANDO MANALANG REYES","ZONE 4 POBLACION, OPOL, MISAMIS ORIENTAL","Poblacion","REAL ESTATE BUYING, SELLING, RENTING, LEASING AND OPERATING OF SELF-OWNED/LEASED APARTMENT BUILDINGS, NON-RESIDENTIAL AND DWELLINGS","","",,,,active,0,0%,"N/A"
"JAM GASOLINE STATION","MARY CLAIRE A. DIN","ZONE 2 TABOC, OPOL, MISAMIS ORIENTAL","Taboc","OTHER BUSINESS SUPPORT SERVICE ACTIVITIES, N.E.C.","","",,,,active,0,0%,"N/A"
"JAM GASOLINE STATION","MARY CLAIRE A. DIN","ZONE 2 TABOC, OPOL, MISAMIS ORIENTAL","Taboc","RETAIL SALE OF AUTOMOTIVE FUEL IN SPECIALIZED STORES","","",,,,active,0,0%,"N/A"
"REPUBLIC CDO POWDERCOAT CORP.","WILSON O UANG","ZONE 4B IGPIT, OPOL, MISAMIS ORIENTAL","Igpit","REPUBLIC CDO POWDERCOAT CORP.","","",,,,active,0,0%,"N/A"
"OLISON CORPORATION","ANTONIO C. OLISON","ZONE 1 BARRA, OPOL, MISAMIS ORIENTAL","Barra","ARCHITECTURAL AND OTHER ENGINEERING ACTIVITIES","","",,,,active,0,0%,"N/A"
"MARGEORY CASH IN/OUT & E-LOADING STATION","MARGEORY G. TALADRO","ZONE 2B MALANANG, OPOL, MISAMIS ORIENTAL","Malanang","RETAIL SALE OF ELECTRONIC LOAD","","",,,,active,0,0%,"N/A"
"DAILY-DYNAMIC TRADING CO.","MARICAR AMOY CABATUAN","ZONE 2 BARRA, OPOL, MISAMIS ORIENTAL","Barra","STORAGE AND WAREHOUSING, NEC","","",,,,active,0,0%,"N/A"
"RCG ENGINEERING SERVICES","GABRIEL SAM CAIN RESPONSO","ZONE 3 IGPIT, OPOL, MISAMIS ORIENTAL","Igpit","REPAIR OF MOTOR VEHICLES, INCLUDING OVERHAULING","","",,,,active,0,0%,"N/A"
"EJE PROPERTY RENTAL","EDGAR J. EBONIA","ZONE 4 TABOC, OPOL, MISAMIS ORIENTAL","Taboc","REAL ESTATE BUYING, SELLING, RENTING, LEASING AND OPERATING OF SELF-OWNED/LEASED APARTMENT BUILDINGS, NON-RESIDENTIAL AND DWELLINGS","","",,,,active,0,0%,"N/A"
"ROY SERS PIZZA STALL","ROY PUYO SERIÑA JR.","POBLACION, OPOL, MISAMIS ORIENTAL","Poblacion","RETAIL SALE VIA STALLS AND MARKETS OF FOOD AND BEVERAGES","","",,,,active,0,0%,"N/A"
"LKM STORE","RAUL L. PACLAR","ZONE 1 POBLACION, OPOL, MIS.OR","Poblacion","N/A","09173944978","",,,,active,1,100%,"2026-01-28"
"KID STOP TOY AND PARTY NEEDS","JEMBE G. NONONG","ZONE 2 POBLACION OPOL,MIS.OR","Poblacion","RETAIL SALE OF TOYS","","",,,,active,1,100%,"2026-01-28"
"MCS PRINTING SHOP","MERRY CRIS L. SOMABAT","ZONE 1 POBLACION, OPOL, MIS.OR","Poblacion","PRINTING","09068672081","",,,,active,1,100%,"2026-01-29"
"JEED MERCHANDICE","ELEONOR D. COMTEMPRETE","ZONE 5, POBLACION, OPOL, MIS. OR.","Poblacion","RETAIL BOOKS NEWSPAPER AND STATIONARY","09659023173","",,,,active,1,100%,"2026-01-29"
"HYK VAPE SHOP","JAYCRIS SALAVADOR PLANAR","ZONE 5, POBLACION, OPOL, MIS. OR.","Poblacion","RETAIL SALE OF TABACO PRODUCT","09065063062","",,,,active,1,100%,"2026-02-02"
"AQUAPETFARM","LESLIE S. VILLANUEVA","ZONE 5, POBLACION, OPOL, MIS. OR.","Poblacion","N/A","","",,,,active,1,100%,"2026-02-02"
"CHOOKS TO GO INC.","ELAICO S. AROY","ZONE 5, POBLACION, OPOL, MIS. OR.","Poblacion","FOOD TO GO COUNTER FOOD PRODUCT","09189276390","",,,,active,1,100%,"2026-02-02"
"ENTERNAL GARDENS PARK GROUP INC.","NUMERIANO BOBADILLA RODRIN","ZONE 5, POBLACION, OPOL, MIS. OR.","Poblacion","CEMENTERY DEVELOPMENT","09171462809","",,,,active,1,100%,"2026-02-02"
"BLUE ENERGY FUEL STATION INC.","AMY A. CHUA","ZONE 2, POBLACION, OPOL, MIS. OR.","Poblacion","RETAIL SALE OF AUTOMOTIVE FUEL IN SPECIALIZED STORES","09916211549","",,,,active,1,100%,"2026-02-04"
"KING'S PHARMACY","JEZANIAH CALAMBA DAGONOY","ZONE 2, POBLACION, OPOL, MIS. OR.","Poblacion","PHARMACY","09175530217","",,,,active,1,100%,"2026-02-04"
"SP ENTERPRISES","EDGARD A. ALEGRIA","POBLACION, OPOL, MIS. OR.","Poblacion","GROCERIES STORES","","",,,,active,1,100%,"2026-02-04"
"RAM'S FOODHAUZ","ADONIRAM DELA CRUZ","POBLACION, OPOL, MIS. OR.","Poblacion","SARI-SARI STORE","09562307141","",,,,active,1,100%,"2026-02-04"
"THE VIEWPOINT","OHIQUI N. RODIONGAN","ZONE, 4 MALANANG, OPOL, MIS, OR.","Malanang","RESORT","09264963001","",,,,active,1,100%,"2026-01-22"
"NUEBES VARIETY SHOP","FE CINCHES VILLASTIQUE","ZONE 1, POBLACION, OPOL, MIS. OR.","Poblacion","NUEBES VARIETY SHOP","09277041986","",,,,active,1,100%,"2026-02-04"
"MARISSA BOARDING HOUSE","MARIA SALUD OLID SERIÑA","ZONE 3, POBLACION, OPOL, MIS. OR.","Poblacion","DORMITORIES/BOARDING HOUSES","","",,,,active,0,0%,"N/A"
"ZARAGOSA COIN CARWASH VENDING MACHINE","KENNETH JOHN C. ZARAGOSA","ZONE 2 POBLACION, OPOL, MISAMIS ORIENTAL","Poblacion","CAR WASHING AND AUTO-DETAILING SERVICES","","",,,,active,0,0%,"N/A"
"CENTER FOR AGRICULTURE AND RURAL DEVELOMENT (CARD), INC. (A MICROFINANCE NGO)","DENNIS A. AQUINO","ZONE 5 POBLACION, OPOL, MISAMIS ORIENTAL","Poblacion","FINANCING COMPANY OPERATIONS","","",,,,active,0,0%,"N/A"
"JEHAN RTW TRADING","JUNAIRAH SANGO BACARAT","ZONE 4 TABOC, OPOL, MISAMIS ORIENTAL","Taboc","RETAIL SALE OF WEARING APPAREL","","",,,,active,0,0%,"N/A"
"ALBERT CASTRENCE REAL ESTATE LEASING","ALBERT J CASTRENCE","ZONE 2 POBLACION, OPOL, MISAMIS ORIENTAL","","REAL ESTATE BUYING, SELLING, RENTING, LEASING AND OPERATING OF SELF-OWNED/LEASED APARTMENT BUILDINGS, NON-RESIDENTIAL AND DWELLINGS","","",,,,active,0,0%,"N/A"
"ZYRAH MAE CASTRENCE REAL ESTATE LESSOR","ZYRAH MAE CASTRENCE","ZONE 2 POBLACION, OPOL, MISAMIS ORIENTAL","","REAL ESTATE BUYING, SELLING, RENTING, LEASING AND OPERATING OF SELF-OWNED/LEASED APARTMENT BUILDINGS, NON-RESIDENTIAL AND DWELLINGS","","",,,,active,0,0%,"N/A"
"AMAVI STUDIO","JERSON A. GALENDEZ","ZONE 2B MALANANG, OPOL, MISAMIS ORIENTAL","Malanang","COMMERCIAL AND CONSUMER PHOTOGRAPH PRODUCTION (EXCEPT AERIAL PHOTOGRAPHY)","","",,,,active,0,0%,"N/A"
"YHL EXPORT AND IMPORT CORPORATION","JUDITH D. ORIT","ZONE 6 BARRA, OPOL, MISAMIS ORIENTAL","","STORAGE AND WAREHOUSING, NEC","","",,,,active,0,0%,"N/A"
"BIA'S SALON","IRENEO GAID TOBIAS III","ZONE 1 POBLACION, OPOL, MISAMIS ORIENTAL","Poblacion","BEAUTY PARLOR/SALON ACTIVITIES","","",,,,active,0,0%,"N/A"
"DAD'S AIRCON & REFRIGERATION REPAIR SHOPDAD'S AIRCON & REFRIGERATION REPAIR SHOP","DIOSDADO A. ENCINA","ZONE 4 TABOC, OPOL, MISAMIS ORIENTAL","Taboc","REPAIR AND SERVICING OF HOUSEHOLD APPLIANCES","","",,,,active,0,0%,"N/A"
"A.M.I EQUIPMENT SERVICES & SOLUTIONS, INC.","MANDY Y. TEVES","ZONE 2 IGPIT, OPOL, MISAMIS ORIENTAL","","RETAIL SALE OF MEDICAL, SURGICAL AND ORTHOPEDIC GOODS/INSTRUMENTS, DENTAL SUPPLIES AND MEDICAL EQUIPMENT","","",,,,active,0,0%,"N/A"
"A.M.I EQUIPMENT SERVICES & SOLUTIONS, INC.","MANDY Y. TEVES","ZONE 2 IGPIT, OPOL, MISAMIS ORIENTAL","Igpit","REPAIR OF OTHER EQUIPMENT","","",,,,active,0,0%,"N/A"
"CEVE PRINTING SERVICES","EDUARDO P. AMIT","ZONE 2 IGPIT, OPOL, MISAMIS ORIENTAL","Igpit","PRINTING","","",,,,active,0,0%,"N/A"
"HEISTKIRSTEN REAL ESTATE LESSOR","RHEINE NONAN LADAO","ZONE 1 TABOC, OPOL, MISAMIS ORIENTAL","Taboc","REAL ESTATE BUYING, SELLING, RENTING, LEASING AND OPERATING OF SELF-OWNED/LEASED APARTMENT BUILDINGS, NON-RESIDENTIAL AND DWELLINGS","","",,,,active,0,0%,"N/A"
"OWENG'S WATER REFILLING","ROSBERT ANTHONY CORIALES ORO","ZONE 7 BARRA, OPOL, MISAMIS ORIENTAL","Barra","N/A","","",,,,active,0,0%,"N/A"
"OWENG'S CARWASH SERVICES","LINDY LOU CORPUZ ORO","ZONE 7 BARRA, OPOL, MISAMIS ORIENTAL","","CAR WASHING AND AUTO-DETAILING SERVICES","","",,,,active,0,0%,"N/A"
"H & K GENERAL MERCHANDISE","RAMIR CORRALES LADAO","ZONE 1 TABOC, OPOL, MISAMIS ORIENTAL","Taboc","RETAIL SALE OF HARDWARE MATERIALS","","",,,,active,0,0%,"N/A"
"PAYLAGA PROPERTY RENTAL","JOB T. PAYLAGA","ZONE 2 TABOC, OPOL, MISAMIS ORIENTAL","Taboc","REAL ESTATE BUYING, SELLING, RENTING, LEASING AND OPERATING OF SELF-OWNED/LEASED APARTMENT BUILDINGS, NON-RESIDENTIAL AND DWELLINGS","","",,,,active,0,0%,"N/A"
"TRUCK TRADING OUTLET","MANUEL C. ALIPIO JR.","ZONE 2B IGPIT, OPOL, MISAMIS ORIENTAL","Igpit","FREIGHT TERMINAL FACILITIES FOR TRUCKING COMPANIES","","",,,,active,0,0%,"N/A"
"BACAYANA APARTMENT","ROIDA TO-ONG BACAYANA","ZONE 1 IGPIT, OPOL, MISAMIS ORIENTAL","Igpit","REAL ESTATE BUYING, SELLING, RENTING, LEASING AND OPERATING OF SELF-OWNED/LEASED APARTMENT BUILDINGS, NON-RESIDENTIAL AND DWELLINGS","","",,,,active,0,0%,"N/A"
"DJJ SPACE RENTAL","FLORA MAY LASTIMOSA MEDIO","POBLACION, OPOL, MISAMIS ORIENTAL","Poblacion","REAL ESTATE BUYING, SELLING, RENTING, LEASING AND OPERATING OF SELF-OWNED/LEASED APARTMENT BUILDINGS, NON-RESIDENTIAL AND DWELLINGS","","",,,,active,0,0%,"N/A"
"HUNTERS ZC HARDWARE & CONSTRUCTION SUPPLIES","CHRIS ABUHON MICARANDAYO","ZONE 1, POBLACION, OPOL, MISAMIS ORIENTAL","Poblacion","RETAIL SALE OF HARDWARE MATERIALS","","",,,,active,0,0%,"N/A"
"PINCHE ENTERPRISES","LUZVIMINDA ALBARANDO VILLAFAÑE","MALANANG, OPOL, MISAMIS ORIENTAL","Malanang","RETAIL SALE OF HARDWARE MATERIALS","","",,,,active,0,0%,"N/A"
"J&S TRUCKING SERVICES","SHEEN OGHAYON SANCHEZ","ZONE 2B, MALANANG, OPOL, MISAMIS ORIENTAL","Malanang","FREIGHT TRANSPORT OPERATION, BY ROAD, N.E.C.","","",,,,active,0,0%,"N/A"
"MINDANAO PRIME PARTNERS CORP.","SHEEN OGHAYON SANCHEZ","ZONE 2B, MALANANG, OPOL, MISAMIS ORIENTAL","Malanang","REAL ESTATE BUYING, DEVELOPING, SUBDIVIDING AND SELLING OF RESIDENTIAL INCLUDING MASS HOUSING","","",,,,active,0,0%,"N/A"
"LORY'S WATER REFILLING STATION","ANTONIA EBEN CASUL","ZONE 7 BONBON, OPOL, MISAMIS ORIENTAL","Bonbon","WATER PURIFYING AND REFILLING STATION","","",,,,active,0,0%,"N/A"
"G AND J COSMETICS SHOP","GRACELYN GALANQUE TAMONG","ZONE 2 POBLACION, OPOL, MISAMIS ORIENTAL","Poblacion","RETAIL SALE OF PERFUMERY, COSMETIC AND TOILET ARTICLES","","",,,,active,0,0%,"N/A"
"G AND J FASHION BOUTIQUE","GRACELYN GALANQUE TAMONG","ZONE 4 TABOC, OPOL, MISAMIS ORIENTAL","Taboc","RETAIL SALE OF SECOND-HAND GOODS, NEC","","",,,,active,1,100%,"2026-02-04"
"MYLYN CONSUMER GOODS TRADING","MYLYN N GULLE","ZONE 8 BONBON, OPOL, MISAMIS ORIENTAL","Bonbon","RETAIL SALE OF WEARING APPAREL","","",,,,active,0,0%,"N/A"
"J AND G JEWELRY SHOP","JOHNNY GUMERA TAMONG","ZONE 4 TABOC, OPOL, MISAMIS ORIENTAL","Taboc","RETAIL SALE OF JEWELRY, WATCHES AND CLOCKS","","",,,,active,0,0%,"N/A"
"MARITES APARTMENT","MARITES N. JABUNAN","ZONE 3 TABOC, OPOL, MISAMIS ORIENTAL","Taboc","REAL ESTATE BUYING, SELLING, RENTING, LEASING AND OPERATING OF SELF-OWNED/LEASED APARTMENT BUILDINGS, NON-RESIDENTIAL AND DWELLINGS","","",,,,active,0,0%,"N/A"
"TWIN TRADING","ERWIN PADLA TRINIDAD","ZONE 2B IGPIT, OPOL, MISAMIS ORIENTAL","Igpit","RETAIL SALE OF HARDWARE MATERIALS","","",,,,active,0,0%,"N/A"
"HAVEEN FOOD HUB","JOVI MANDALUCAY CAALIM","ZONE 3 POBLACION, OPOL, MISAMIS ORIENTAL","Poblacion","OTHER FOOD SERVICE ACTIVITIES","","",,,,active,0,0%,"N/A"
"RUSH APARTMENT","JOYCE J. DUGAY","ZONE 2 POBLACION, OPOL, MISAMIS ORIENTAL","Poblacion","RENTING APARTMENTS","","",,,,active,0,0%,"N/A"
"AQUAREM WATER REFILLING STATION","REMEDIOS BOLON CLORDEARTA","ZONE 6 BARRA, OPOL, MISAMIS ORIENTAL","Barra","WATER PURIFYING AND REFILLING STATION","","",,,,active,0,0%,"N/A"
"AGNES FOOD PROCESSING","MERLYN CADALO AGNES","ZONE 3 LABAPU, PATAG, OPOL, MISAMIS ORIENTAL","Patag","MANUFACTURE OF NATA DE COCO","","",,,,active,0,0%,"N/A"
"VKY'S REAL ESTATE LEASING","DENNIS YASAY SERIÑAC","ZONE 3 IGPIT, OPOL, MISAMIS ORIENTAL","Igpit","REAL ESTATE BUYING, SELLING, RENTING, LEASING AND OPERATING OF SELF-OWNED/LEASED APARTMENT BUILDINGS, NON-RESIDENTIAL AND DWELLINGS","","",,,,active,0,0%,"N/A"
"PATRISHA PETRON SERVICE STATION","TROY BERNARDO ASUGAS","ZONE 2 LUYONGBONBON, OPOL, MISAMIS ORIENTAL","Luyong Bonbon","GASOLINE STATION","","",,,,active,0,0%,"N/A"
"IPONAN DYNAMIC CORPORATION","VICENTE TAN GO","ZONE 2A IGPIT, OPOL, MISAMIS ORIENTAL","Igpit","REAL ESTATE BUYING, SELLING, RENTING, LEASING AND OPERATING OF SELF-OWNED/LEASED APARTMENT BUILDINGS, NON-RESIDENTIAL AND DWELLINGS","","",,,,active,0,0%,"N/A"
"CARD SME BANK INC. A THRIFT BANK","LEONEL D. DENSING","ZONE 8 POBLACION, OPOL, MISAMIS ORIENTAL","Poblacion","THRIFT BANKING","","",,,,active,0,0%,"N/A"
"YAN ZAI EATERY","JEAN PACATANG ALBASITE","ZONE 2B IGPIT, OPOL, MISAMIS ORIENTAL","Igpit","CARINDERIA OR EATERY","","",,,,active,0,0%,"N/A"
"KUYA FHEV HARDWARE & CONSTRUCTION SUPPLIES","FHEV SUMINGUIT GULAPO","ZONE 2 PATAG, OPOL, MISAMIS ORIENTAL","Patag","RETAIL SALE OF HARDWARE MATERIALS","","",,,,active,0,0%,"N/A"
"ZONE 4-BARRA PRIVATE MARKET","MA. DAISY R. ESCARPE","ZONE 4 BARRA, OPOL, MISAMIS ORIENTAL","Barra","OTHER REAL ESTATE ACTIVITIES WITH OWN OR LEASED PROPERTY","","",,,,active,0,0%,"N/A"
"B & G COMMERCIAL BUILDING","RENZ RAPHAEL I. SERIÑA","ZONE 1 POBLACION, OPOL, MISAMIS ORIENTAL","Poblacion","REAL ESTATE BUYING, SELLING, RENTING, LEASING AND OPERATING OF SELF-OWNED/LEASED APARTMENT BUILDINGS, NON-RESIDENTIAL AND DWELLINGS","","",,,,active,0,0%,"N/A"
"MARJO PISONET","JOMAR CARALDE LORENO","CITIHOMES, MALANANG, OPOL, MISAMIS ORIENTAL","Malanang","INTERNET ACCESS IN FACILITIES OPEN TO THE PUBLIC SERVICE ACTIVITIES","","",,,,active,0,0%,"N/A"
"M PARAMBITA BAG TRADING","MARIA D. PARAMBITA","ZONE 7A IGPIT, OPOL, MISAMIS ORIENTAL","Igpit","CUSTOM TAILORING","","",,,,active,0,0%,"N/A"
"RULEXXKARR PISONET","PETE JEFFERSON DIVINAGRACIA GALUPO","CITIHOMES, MALANANG, OPOL, MISAMIS ORIENTAL","Malanang","INTERNET ACCESS IN FACILITIES OPEN TO THE PUBLIC SERVICE ACTIVITIES","","",,,,active,0,0%,"N/A"
"AA-SON TRADING","ADALBERTA TAN ACHA","ZONE 7C IGPIT, OPOL, MISAMIS ORIENTAL","Igpit","RETAIL SALE OF OTHER CLOTHING, FOOTWEAR AND LEATHER ARTICLES IN SPECIALIZED STORES, N.E.C.","","",,,,active,0,0%,"N/A"
"TWIN'S DRY GOODS TRADING","ELANE E. ROSALITA","ZONE 4 BARRA, OPOL, MISAMIS ORIENTAL","Barra","RETAIL SALE OF SECOND-HAND CLOTHING, FOOTWEAR AND LEATHER ARTICLES","","",,,,active,0,0%,"N/A"
"CIMEM CONSUMER DISTRIBUTORS INC.","JOSE MIGUEL J. MEMPIN","ZONE 2A IGPIT, OPOL, MISAMIS ORIENTAL","Igpit","OTHER WHOLESALE OF FOOD, BEVERAGES AND TOBACCO","","",,,,active,0,0%,"N/A"
"JANDI GENERAL MERCHANDISE","DARLIN COLOT FUDERANAN","ZONE 2A MALANANG, OPOL, MISAMIS ORIENTAL","Malanang","WHOLESALE OF ELECTRICAL MATERIALS","","",,,,active,0,0%,"N/A"
"MIRRIAM LOGISTICS SERVICES","MIRRIAM SAAB CASIÑO","ZONE 5 BARRA, OPOL, MISAMIS ORIENTAL","Barra","FREIGHT FORWARDING SERVICES","","",,,,active,0,0%,"N/A"
"FAMAS INDUSTRIAL SUPPLY","MARK ANDY ANOS SINSON","ZONE 2 BARRA, OPOL, MISAMIS ORIENTAL","Barra","WHOLESALE OF PAPER AND PAPER PRODUCTS (INCLUDING STATIONERIES)","","",,,,active,0,0%,"N/A"
"FAMAS INDUSTRIAL SUPPLY","MARK ANDY ANOS SINSON","ZONE 2 BARRA, OPOL, MISAMIS ORIENTAL","Barra","WHOLESALE OF INDUSTRIAL MACHINERY AND EQUIPMENT","","",,,,active,0,0%,"N/A"
"FAMAS INDUSTRIAL SUPPLY","MARK ANDY ANOS SINSON","ZONE 2 BARRA, OPOL, MISAMIS ORIENTAL","Barra","WHOLESALE OF MOTOR VEHICLES PARTS, ACCESSORIES, TIRE'S AND LUBRICANTS","","",,,,active,0,0%,"N/A"
"FAMAS INDUSTRIAL SUPPLY","MARK ANDY ANOS SINSON","ZONE 2 BARRA, OPOL, MISAMIS ORIENTAL","Barra","NON-SPECIALIZED WHOLESALE TRADE","","",,,,active,0,0%,"N/A"
"MOTORMATE MERCHANDISING COMPANY, INC.","CARLOS RAMIREZ MACASARTE","ZONE 6 BARRA, OPOL, MISAMIS ORIENTAL","Barra","SALE OF MOTORCYCLES PARTS AND COMPONENTS","","",,,,active,0,0%,"N/A"
"TECH-CONVERGE IT SOLUTIONS","MAE CATHERINE PULGO NADAL","CITIHOMES, MALANANG, OPOL, MISAMIS ORIENTAL","Malanang","OTHER INFORMATION TECHNOLOGY AND COMPUTER SERVICE ACTIVITIES","","",,,,active,0,0%,"N/A"
"PML SAND AND GRAVEL QUARRYING","PEDRO MALAYA LEGASPI","TAGPACO, TINGALAN, OPOL, MISAMIS ORIENTAL","Tingalan","SAND AND GRAVEL QUARRYING","","",,,,active,0,0%,"N/A"
"CANDIA APARTMENT","CHONA ENGBINO CANDIA","ZONE 3 TABOC, OPOL, MISAMIS ORIENTAL","Taboc","REAL ESTATE BUYING, SELLING, RENTING, LEASING AND OPERATING OF SELF-OWNED/LEASED APARTMENT BUILDINGS, NON-RESIDENTIAL AND DWELLINGS","","",,,,active,0,0%,"N/A"
"DAANOY VULCANIZING SHOP","RICHARD CAARE DAANOY","ZONE 5 PATAG, OPOL, MISAMIS ORIENTAL","Patag","VULCANIZING OR PREPARING OF TIRES FOR MOTOR VEHICLES","","",,,,active,0,0%,"N/A"
"MARGIE HOLLOWBLOCKS TRADING","MARGIE CHECA HORNIDO","ZONE 3 BARRA, OPOL, MISAMIS ORIENTAL","Barra","MANUFACTURE OF STRUCTURAL CONCRETE PRODUCTS","","",,,,active,0,0%,"N/A"
"HERA1 STRENGTH CONSTRUCTION","ELOISA MASILANG OCLARIT","ZONE 2 BARRA, OPOL, MISAMIS ORIENTAL","Barra","ARCHITECTURAL AND OTHER ENGINEERING ACTIVITIES","","",,,,active,0,0%,"N/A"
"DCZZ TRUCKING SERVICES","CHARLIN C. DOBLE","ZONE 3 LUYONGBONBON, OPOL, MISAMIS ORIENTAL","Luyong Bonbon","TRUCK-FOR-HIRE OPERATION (WITH DRIVER)","","",,,,active,0,0%,"N/A"
"VON JUN POULTRY FARM","VIVIAN LUMICTIN SEO","BGS, BAGOCBOC, OPOL, MIS. OR.","Bagocboc","POULTRY FARM","09177719716","",,,,active,0,0%,"N/A"
"BONIAO REAL ESTATE LEASING","RONALD V. BONIAO","ZONE 1 POBLACION, OPOL, MISAMIS ORIENTAL","Poblacion","REAL ESTATE BUYING, SELLING, RENTING, LEASING AND OPERATING OF SELF-OWNED/LEASED APARTMENT BUILDINGS, NON-RESIDENTIAL AND DWELLINGS","","",,,,active,0,0%,"N/A"
"FESTIVES PARTY NEEDS SHOP","CECILE P. AGNAS","ZONE 1 POBLACION, OPOL, MISAMIS ORIENTAL","Poblacion","RETAIL SALE OF GAMES AND TOYS","","",,,,active,0,0%,"N/A"
"MARIA RIZA FISH RETAILING","MARI RIZA ALIWATE BACULIO","ZONE 1B LUYONGBONBON, OPOL, MISAMIS ORIENTAL","Luyong Bonbon","RETAIL SALE OF FISH AND OTHER SEAFOODS (FRESH AND DRIED)","","",,,,active,0,0%,"N/A"
"EDNA B. FISH RETAILING","EDNA ALIWATE BATOON","ZONE 1B LUYONGBONBON, OPOL, MISAMIS ORIENTAL","Luyong Bonbon","RETAIL SALE OF FISH AND OTHER SEAFOODS (FRESH AND DRIED)","","",,,,active,0,0%,"N/A"
"CHERYL'S HOUSE RENTAL","CHERYL ESTRADA BACAYANA","ZONE 1 IGPIT, OPOL, MISAMIS ORIENTAL","Igpit","REAL ESTATE BUYING, SELLING, RENTING, LEASING AND OPERATING OF SELF-OWNED/LEASED APARTMENT BUILDINGS, NON-RESIDENTIAL AND DWELLINGS","","",,,,active,0,0%,"N/A"
"GOLDEN TILES & CONSTRUCTION SUPPLY","DANIE B. VALLEGA","ZONE 2B IGPIT, OPOL, MISAMIS ORIENTAL","Igpit","RETAIL SALE OF CONSTRUCTION SUPPLIES, N.E.C.","","",,,,active,0,0%,"N/A"
"HANG-OVER RM FOOD STATION","DANIEL M. CALARION SR.","ZONE 4 TABOC, OPOL, MISAMIS ORIENTAL","Taboc","REFRESHMENT STANDS, KIOSKS AND COUNTERS","","",,,,active,0,0%,"N/A"
"MANOKANG BAYAN CHICKEN TRADING","ELIEZER YUKOYA LIM","ZONE 4 BARRA, OPOL, MISAMIS ORIENTAL","Barra","RETAIL SALE OF MEAT AND POULTRY PRODUCTS","","",,,,active,0,0%,"N/A"
"MAINROAD MOTORCYCLE PARTS AND ACCESSORIES TRADING","LESLIE L. GONZALES","ZONE 2B MALANANG, OPOL, MISAMIS ORIENTAL","Malanang","SALE OF MOTORCYCLES PARTS AND COMPONENTS","","",,,,active,0,0%,"N/A"
"LITTLE STARS ONLINE SHOP","JEAN SALVAN GODORNES","ZONE 2A IGPIT, OPOL, MISAMIS ORIENTAL","Igpit","RETAIL SALE VIA INTERNET","","",,,,active,0,0%,"N/A"
"FULLBASKET OPC","ALBIFE P. GLODOVE","ZONE 2A IGPIT, OPOL, MISAMIS ORIENTAL","Igpit","RETAIL SALE VIA INTERNET","","",,,,active,0,0%,"N/A"
"MAGIC KIDS SUPPLY CORP.","RAYMOND P. BONGON","ZONE 2A IGPIT, OPOL, MISAMIS ORIENTAL","Igpit","STORAGE AND WAREHOUSING, NEC","","",,,,active,0,0%,"N/A"
"MAGIC SELECTION OPC","JEAN S. GODORNES","ZONE 2A IGPIT, OPOL, MISAMIS ORIENTAL","Igpit","NON-SPECIALIZED WHOLESALE TRADE","","",,,,active,0,0%,"N/A"
"SEÑORITA BEAUTY LOUNGE","NOELYN CABELTES GUINSOD","CITIHOMES, MALANANG, OPOL, MISAMIS ORIENTAL","Malanang","BEAUTY PARLOR/SALON ACTIVITIES","","",,,,active,0,0%,"N/A"
"CARTE'S VULCANIZING SHOP","RICARTE PANUNCE RESPONSO","ZONE 3, IGPIT, OPOL, MISAMIS ORIENTAL","Igpit","VULCANIZING OR PREPARING OF TIRES FOR MOTOR VEHICLES","","",,,,active,0,0%,"N/A"
"MORESCO-1","JOVEL BACLAYON UBAY-UBAY","POBLACION, OPOL, MISAMIS ORIENTAL","Poblacion","ELECTRIC POWER DISTRIBUTION","","",,,,active,0,0%,"N/A"
"NANAY'S DRIED FOOD STALL","MARIA NORMA SONTOUSIDAD PALALON","ZONE 2B, MALANANG, OPOL, MISAMIS ORIENTAL","Malanang","REFRESHMENT STANDS, KIOSKS AND COUNTERS","","",,,,active,0,0%,"N/A"
"GMR CAR RENTAL SERVICES","GIL ALLEN B. RAMOS","ZONE 8, BARRA, OPOL, MISAMIS ORIENTAL","Barra","RENTING AND LEASING OF MOTOR VEHICLES","","",,,,active,0,0%,"N/A"
"XANDER FOOD STATION","ALEXANDER S. DIONELA","PUBLIC MARKET, TABOC, OPOL, MISAMIS ORIENTAL","Taboc","RETAIL SALE VIA STALLS AND MARKETS OF FOOD AND BEVERAGES","","",,,,active,0,0%,"N/A"
"AMARA'S BOARDING HOUSE RENTAL","ALVIN MAG-AWAY MACARANDAN","ZONE 5, POBLACION OPOL, MISAMIS ORIENTAL","Poblacion","DORMITORIES/BOARDING HOUSES","","",,,,active,0,0%,"N/A"
"NORMINRING DEVELOPMENT CORPORATION","NORMINRING DEVELOPMENT CORPORATION","ZONE 5, BARRA, OPOL, MISAMIS ORIENTAL","Barra","MAINTENANCE AND REPAIR OF MOTORCYCLES AND THEIR PARTS AND COMPONENTS","","",,,,active,0,0%,"N/A"
"NORMINRING DEVELOPMENT CORPORATION","NORMINRING DEVELOPMENT CORPORATION","ZONE 5, BARRA, OPOL, MISAMIS ORIENTAL","Barra","SALE OF MOTORCYCLES PARTS AND COMPONENTS","","",,,,active,0,0%,"N/A"
"GILEX CONSTRUCTION AND TRADING","ALEJANDRO GORRES ABELLERA","ZONE 4, BARRA, OPOL, MISAMIS ORIENTAL","Barra","ARCHITECTURAL AND OTHER ENGINEERING ACTIVITIES","","",,,,active,0,0%,"N/A"
"RIDE ON MOTORCYCLE PARTS AND ACCESSORIES SHOP","HENRY C. ALFEREZ","ZONE 5, BARRA, OPOL, MISAMIS ORIENTAL","Barra","SALE OF MOTORCYCLES PARTS AND COMPONENTS","","",,,,active,0,0%,"N/A"
"MARIA'S CAR WASH","HAZEL M. GALLA","ZONE 1, BARRA, OPOL, MISAMIS ORIENTAL","Barra","CAR WASHING AND AUTO-DETAILING SERVICES","","",,,,active,0,0%,"N/A"
"","","","","N/A","","",,,,active,0,0%,"N/A"
"DARYL'S CHICKEN LECHON E HOUSE","DARYL V UNABIA","PUBLIC MARKET TABOC, OPOL","Taboc","SOLE PROPRIETORSHIP","","",,,,active,1,100%,"2026-02-04"
"MONTEROLA FRIED CHICKEN HOUSE","NAOMI C. MONTEROLA","ZONE 4, TABOC, OPOL, MIS. OR.","Taboc","FOOD TO GO COUNTER FRIED/GRILLED CHICKEN, PORK BEFF OR FISH","","",,,,active,0,0%,"N/A"
"CABELLON VULCANIZING SHOP","ARMONOEL MAMAR CABELLON","ZONE 1, BARRA, OPOL, MIS. OR.","","OTHER SERVICES","","",,,,active,0,0%,"N/A"
"COOL LIVING WATER REFILLING STATION","ROLAND G BARANGOT","ZONE 3 TABOC, OPOL, MISAMIS ORIENTAL","Taboc","WATER PURIFYING AND REFILLING STATION","09565343745","",,,,active,1,100%,"2026-03-16"
"IYA'S LAUNDRY HUB","ROLAND G BARANGOT","ZONE 3 TABOC, OPOL, MISAMIS ORIENTAL","Taboc","LAUNDRY HUB","09565343745","",,,,active,1,100%,"2026-03-16"
"MINDANAO CDO STEEL CORP.","PETER GUEVARRA GO","ZONE 3 TABOC, OPOL, MISAMIS ORIENTAL","Taboc","CASTING/FOUNDRY OF STEEL","09564012316","",,,,active,1,100%,"2026-03-16"
"MARCHERRYL FOOD HUE & SNACK","MARCHERRYL G. TUMALON","ZONE 4, TABOC, OPOL, MIS.OR","Taboc","RETAIL SALE VIA STALLS AND MARKETS OF FOOD AND BEVERAGES","09758216072","",,,,active,1,100%,"2026-02-04"
"FILISIDA'S BAKESHOP","ANABELLA P. FELISIDA","ZONE 8, MALANANG, OPOL, MIS.OR","Malanang","BAKERY","09998890566","",,,,active,1,100%,"2026-02-18"
"BOTIKA DE SAN VICENTE FERRE","ANDREH MARIZZE A. EMPOLLADA","ZONE 2B, MALANANG, OPOL, MIS.OR","Malanang","N/A","09752594974","",,,,active,1,100%,"2026-02-18"
"FIRST TOUCH BUKO PIE AND DELICACIES","SENE C. SALIGAN","ZONE 5 POBLACION, OPOL, MISAMIS ORIENTAL","Poblacion","FOOD PRODUCT","","",,,,active,1,100%,"2026-02-09"
"JERTABS SIGN AND PRINTING SERVICES","JERRY GESTAT TABAFA","ZONE 4, TABOC, OPOL, MISAMIS ORIENTAL","Taboc","RETAIL SALE OF ELECTRONIC LOAD","","",,,,active,0,0%,"N/A"
"DORCAS HEALTH PRODCUTS","FELINA J. MENDOZA","ZONE 9, BARRA, OPOL, MISAMIS ORIENTAL","Barra","RETAIL SALE OF HEALTH PRODUCTS, NON-STORE","","",,,,active,0,0%,"N/A"
"ECHOME BILLS PAYMENT CENTER","CARLA CHEZA B. ABANALES","ZONE 2B, MALANANG, OPOL, MISAMIS ORIENTAL","Malanang","ACTIVITIES OF COLLECTION AGENCIES AND CREDIT BUREAUS","","",,,,active,0,0%,"N/A"
"LANCEKING SPACE LEASING","CARLA CHEZA BACULAO ABANALES","ZONE 2B, MALANANG, OPOL, MISAMIS ORIENTAL","Malanang","REAL ESTATE BUYING, SELLING, RENTING, LEASING AND OPERATING OF SELF-OWNED/LEASED APARTMENT BUILDINGS, NON-RESIDENTIAL AND DWELLINGS","","",,,,active,0,0%,"N/A"
"BUSY-WATERPIG, OPC","ROMELITO M. VASQUEZ","ZONE 9, BARRA, OPOL, MISAMIS ORIENTAL","Barra","NON-SPECIALIZED WHOLESALE TRADE","","",,,,active,0,0%,"N/A"
"A27 PHARMACEUTICAL INC.","ROMELITO M. VASQUEZ","ZONE 9, BARRA, OPOL, MISAMIS ORIENTAL","Barra","WHOLESALE OF MEDICINAL AND PHARMACEUTICAL PRODUCTS","","",,,,active,0,0%,"N/A"
"SOLAB FOOD AND BEVERAGES TRADING","MERTE GAY SORONIO BAL","ZONE 6, BARRA, OPOL, MISAMIS ORIENTAL","Barra","FOOD-TO-GO COUNTER (E.G., FRIED/LECHON/GRILLED CHICKEN, PORK, BEEF OR FISH AND OTHER RELATED PRODUCTS)","","",,,,active,0,0%,"N/A"
